{
  "GitHubUserApi" : {
    "transaction" : "GitHubUserApi",
    "sampleCount" : 50,
    "errorCount" : 0,
    "errorPct" : 0.0,
    "meanResTime" : 347.98,
    "medianResTime" : 124.0,
    "minResTime" : 111.0,
    "maxResTime" : 1878.0,
    "pct1ResTime" : 1331.5999999999997,
    "pct2ResTime" : 1805.9499999999994,
    "pct3ResTime" : 1878.0,
    "throughput" : 5.191568892119198,
    "receivedKBytesPerSec" : 12.72836819255529,
    "sentKBytesPerSec" : 0.6742955689959506
  },
  "Total" : {
    "transaction" : "Total",
    "sampleCount" : 50,
    "errorCount" : 0,
    "errorPct" : 0.0,
    "meanResTime" : 347.98,
    "medianResTime" : 124.0,
    "minResTime" : 111.0,
    "maxResTime" : 1878.0,
    "pct1ResTime" : 1331.5999999999997,
    "pct2ResTime" : 1805.9499999999994,
    "pct3ResTime" : 1878.0,
    "throughput" : 5.191568892119198,
    "receivedKBytesPerSec" : 12.72836819255529,
    "sentKBytesPerSec" : 0.6742955689959506
  }
}